{
  
  "best_index":  0,
  
  "best_score":  21.590891480445862,
  
  "results":  [
    
    {
      
      "details":  {
        
        "area_ratio":  0.24967658473479948,
        
        "avg_d":  6.272728681564331,
        
        "best_scale":  0.85,
        
        "chamfer":  21.590891480445862,
        
        "d_ab":  5.514564514160156,
        
        "d_ba":  7.030892848968506,
        
        "diamond":  33.43554823604144,
        
        "hu":  0.24823963580335212,
        
        "quad":  1
      
      },
      
      "index":  0,
      
      "name":  "target_0.png",
      
      "score":  21.590891480445862
    
    }
  
  ]

}
