{
  
  "best_index":  0,
  
  "best_score":  44.565410912036896,
  
  "results":  [
    
    {
      
      "details":  {
        
        "area_ratio":  0.12421185372005045,
        
        "avg_d":  4.434767127037048,
        
        "best_scale":  0.85,
        
        "chamfer":  44.565410912036896,
        
        "d_ab":  3.6680357456207275,
        
        "d_ba":  5.201498508453369,
        
        "diamond":  100.0,
        
        "hu":  0.023560240610130845,
        
        "quad":  1
      
      },
      
      "index":  0,
      
      "name":  "target_0.png",
      
      "score":  44.565410912036896
    
    }
  
  ]

}
